id,nome,sobrenome,salario,beneficios
1,Cord,Osban,2289.0,396.74
2,Reuven,Sloyan,2232.63,566.98
3,Griffith,Gault,2812.93,665.28
4,Francois,Roofe,6992.23,331.4
5,Hoebart,Trayes,4879.25,433.07
6,Drona,Gorcke,4764.14,770.35
7,Nelle,Pigford,6136.75,985.54
8,Riley,Amoore,1500.38,966.66
9,Merrielle,Gotmann,2874.99,325.25
10,Fredelia,Wrotchford,6458.68,71.41
11,Lorri,MacIntyre,5705.1,905.09
12,Elmo,Stockoe,2902.11,220.87
13,Benny,Graalmans,1773.68,24.56
14,Phillie,Clarke,4576.61,939.95
15,Barry,Batho,5515.69,372.41
16,Malchy,Karppi,5546.13,450.84
17,Gunther,Casazza,6470.9,48.28
18,Cherlyn,Wimes,4440.9,181.47
19,Anette,Wakely,2645.19,966.98
20,Lianna,Kirsop,6174.31,336.5
21,Lil,Luther,5186.41,927.32
22,Lara,Treweek,3630.89,296.86
23,Ripley,Guilder,2269.51,685.49
24,Rockie,Local,2230.83,918.16
25,Hermina,Sockell,4587.85,489.16
26,Aviva,Trayford,6731.54,447.37
27,Simona,Wendover,3569.42,166.2
28,Sidney,Bergeau,3984.07,224.65
29,Marabel,Fergie,4596.1,730.3
30,Rozina,Tothacot,6517.33,113.09
31,Ellie,Snowman,5038.27,479.74
32,Chauncey,Pitcher,3439.04,255.8
33,Franny,Woolnough,4587.42,530.56
34,Kissie,Michallat,6503.8,435.68
35,Dani,Philps,2540.41,337.17
36,Boy,Jeanesson,5313.13,39.61
37,Aindrea,Rishworth,2932.65,140.38
38,Julissa,Tierny,4487.38,383.15
39,Christiana,Craig,6298.4,319.35
40,Rodd,Andriveaux,6899.74,909.78
41,Zane,Headly,6880.08,538.43
42,Charmain,Kerswill,2166.94,702.66
43,Herbert,Toderi,4117.38,408.88
44,Wayne,Florio,6550.71,669.29
45,Morgana,Duddell,4010.7,715.41
46,Price,Upward,3306.86,752.53
47,Blane,Kopta,4545.1,867.88
48,Jorrie,Mosten,6294.31,115.1
49,Elisha,Hadingham,4432.55,776.18
50,Dilan,Krollman,2508.73,166.47
51,Katha,Byne,2934.38,948.39
52,Marthena,Sneaker,3384.98,214.73
53,Flori,Crayk,2185.03,621.94
54,Nicola,Lismore,2164.2,738.25
55,Stephie,Benger,6685.01,97.11
56,Koo,Smalridge,1484.0,474.53
57,Bord,Boydell,4961.82,718.72
58,Ruttger,Attwell,1956.59,371.0
59,Bent,Lowndsbrough,4404.87,501.67
60,Kimmy,Lionel,4592.98,985.02
61,Seka,Fakes,1129.41,148.54
62,Josee,Hayman,6650.83,30.14
63,Dalston,Wayne,6892.01,695.56
64,Gene,Boole,2506.65,406.89
65,Ruby,Swaffer,4001.89,791.83
66,Fabien,Mayell,1985.16,690.45
67,Ambros,Traill,2241.19,957.98
68,Dulci,Tokley,2718.49,483.96
69,Gaynor,Ablett,1930.15,65.19
70,Demetrius,Diegan,3477.23,834.67
71,Dodi,Queenborough,1149.12,675.31
72,Nicola,Lea,3883.36,17.9
73,Morse,Brettle,4483.0,194.05
74,Lyda,Wilkowski,6746.65,251.87
75,Kathye,Wintringham,4322.86,557.04
76,Delbert,Happs,1193.75,830.4
77,Clair,Lacrouts,1689.11,245.69
78,Grove,McLane,6700.83,94.85
79,Riki,Holsey,4035.11,371.73
80,Dudley,Gaunter,3789.03,72.46
81,Tore,Gianettini,5572.56,796.36
82,Kandace,Maryon,3138.0,820.57
83,Ivette,Southerden,4961.01,741.4
84,Kandy,Trevena,2702.2,715.52
85,Emylee,Freezor,4306.96,487.45
86,Janessa,Attfield,5124.81,760.33
87,Burch,Knowlden,5487.82,291.92
88,Griselda,Ivanilov,1122.96,528.7
89,Abramo,Werrilow,5236.13,593.61
90,Milissent,Loughlan,5094.64,99.91
91,Nathalie,Tree,4267.82,9.24
92,Niels,Dallow,5545.2,587.11
93,Hedwiga,Etherson,1259.73,164.39
94,Sigvard,Feldbau,6288.03,610.63
95,Esdras,Fawcus,4509.25,972.87
96,Nadiya,Hagergham,1769.7,932.3
97,Ely,Eddison,3968.04,510.67
98,Natty,Grosier,6295.31,590.5
99,Gan,Shelsher,6561.01,666.68
100,Antonio,Maker,2805.92,993.24
101,Evy,Fielden,2021.39,99.01
102,Rosemary,Joule,2186.48,705.83
103,Lanny,Adamik,1901.04,301.48
104,Cherri,Spink,2686.79,327.58
105,Laurene,Keene,6467.78,58.0
106,Lilah,Egalton,3393.5,354.73
107,Susannah,Pitcaithly,1612.08,977.76
108,Nanete,Dearnley,3854.68,315.23
109,Peterus,Gresly,2354.96,57.27
110,Vergil,Tordiffe,2093.57,878.05
111,Nicolai,Sconce,4500.65,291.11
112,Lane,Mackley,4771.37,440.95
113,Audy,Boone,5533.22,131.18
114,Aryn,Fermor,4166.43,889.9
115,Mindy,Facher,5049.04,616.4
116,Terry,Shapcote,5098.94,846.88
117,Ganny,Robker,2933.5,50.36
118,Heinrik,Huckett,5075.56,199.76
119,Asher,Baford,4564.56,279.09
120,Denny,Alfuso,5317.13,902.92
121,Yolande,Capaldo,4083.97,761.62
122,Mikol,Habbes,4245.62,647.69
123,Donia,Tanzer,2646.35,475.11
124,Aloysius,Bourdas,3758.37,51.37
125,Gina,Genge,4183.54,148.45
126,Tonie,Igoe,3295.73,46.86
127,Agata,Liebrecht,5377.52,841.77
128,Chantalle,Sellner,5728.13,842.44
129,Raine,Mion,2660.82,693.51
130,Elvera,Cupper,4938.9,557.04
131,Henrietta,Stangroom,3931.71,498.95
132,Francesco,Swaffield,3999.35,347.93
133,Sylvan,Thecham,3518.93,962.23
134,Madlin,Klaas,1210.49,877.69
135,Betti,Collens,1408.49,540.42
136,Rozina,Goodwin,2924.49,825.64
137,Tomkin,Gebhard,1241.39,188.53
138,Ive,Ratter,5256.32,508.4
139,Cristin,Gavozzi,4018.74,404.3
140,Pavla,Sonnenschein,4203.34,95.35
141,Abbey,Carder,1385.56,497.26
142,Drugi,Fellowes,4443.99,949.61
143,Arlana,Verbeek,6896.24,718.6
144,Giacomo,Tolliday,6191.52,757.89
145,Valencia,Foy,3425.68,877.41
146,Gaultiero,Spering,6931.45,289.23
147,Shelly,Herion,6621.55,658.71
148,Iain,Prattin,1246.32,122.43
149,Kristi,Djekic,2797.74,889.86
150,Kennedy,Cheesman,5403.46,480.52
151,Courtney,Treasaden,2125.7,904.11
152,Petrina,Yeardsley,5949.89,149.18
153,Franky,Ianne,4239.72,634.25
154,Huntlee,Frye,2564.8,843.31
155,Osbourn,Tassel,1882.58,347.89
156,Selle,Osborne,4962.92,757.5
157,Odilia,Zavattiero,3396.65,892.37
158,Sauveur,Allsopp,4905.23,750.92
159,Willdon,Quickenden,6932.66,10.26
160,Simonette,Whiff,2292.66,847.94
161,Corina,Danjoie,6453.5,479.27
162,Pammi,Berrigan,4718.19,799.25
163,Gilly,Gilmore,6480.57,456.76
164,Ogdon,Ximenez,5049.7,724.9
165,Bunny,Wale,4153.34,678.84
166,Gavan,Snassell,3730.11,5.85
167,Myra,Copas,2649.38,574.65
168,Dell,Ballentime,5098.31,833.34
169,Wilbur,Surgeon,3940.2,368.44
170,Consolata,Whittenbury,3401.28,503.88
171,Tim,Liccardi,4760.1,186.23
172,Joellyn,Dragon,4839.71,148.63
173,Gerik,Livoir,6376.01,478.46
174,Cary,Dreigher,2728.38,139.44
175,Desirae,Rydeard,1408.93,292.2
176,Geri,Braine,1288.52,12.27
177,Adolpho,Rayer,2541.68,247.12
178,Myron,Hindsberg,1398.65,55.84
179,Lana,Werlock,4252.32,873.22
180,Ceciley,Raincin,3952.1,102.39
181,Marline,Aisbett,1717.13,812.17
182,Fina,Creak,2608.44,694.39
183,Lamar,Karpushkin,1779.55,917.38
184,Edeline,Tommei,4722.17,354.12
185,Carlita,Matovic,3938.71,973.17
186,Harrie,Di Biasio,1356.24,937.71
187,Thedric,Bartol,4334.42,499.8
188,Emiline,Palleske,5775.02,122.75
189,Tracey,Hansen,2005.71,86.13
190,Keven,Farnham,6794.36,971.76
191,Idell,Rodie,5328.35,707.5
192,Hermann,Dowles,4648.69,934.21
193,Maddi,Bruhn,3552.76,213.24
194,Aime,Mordie,3515.92,167.21
195,Jacquelynn,Cleyburn,2229.88,799.43
196,Caldwell,Sotheby,2276.5,231.74
197,Ivette,Scahill,5655.86,915.26
198,Oralee,Liversidge,1783.41,283.34
199,Nonah,Grimsdyke,3814.18,895.96
200,Kendra,Gahagan,6547.47,460.98
201,Osborn,Melding,6664.32,406.56
202,Derry,Fancott,4645.86,863.13
203,Raychel,Benian,6061.42,282.25
204,Basia,Peggram,2093.75,574.71
205,Blondelle,Caspell,4447.54,86.38
206,Major,Finn,5876.22,667.61
207,Annissa,Hoult,4328.87,581.64
208,Lynelle,Caudelier,1613.83,863.01
209,Celisse,Gallear,2009.8,743.31
210,Valencia,London,6810.09,78.86
211,Otha,Trevenu,6955.64,320.08
212,Eleanor,Di Biasio,2661.44,648.28
213,Deane,Banasiak,1396.08,360.97
214,Janith,Titchmarsh,4014.08,34.19
215,Nanine,de Quesne,5541.54,349.85
216,Aland,O' Borne,5829.23,650.38
217,Fabiano,Tinman,5302.45,263.58
218,Fianna,Humbert,6970.56,206.58
219,Deni,Antonoczyk,3572.4,253.44
220,Jodie,Mullender,6585.68,100.32
221,Opal,Joutapaitis,5265.01,343.45
222,Lishe,Goeff,4606.02,706.29
223,Marysa,Tsarovic,3536.91,75.07
224,Angeline,Orteaux,3698.92,825.4
225,Persis,Abrahamian,6225.64,939.61
226,Daloris,Tester,5363.61,975.06
227,Kiley,Cruise,2074.6,567.08
228,Lauri,Burtwhistle,3029.02,85.37
229,Eolande,Pulford,3639.75,775.72
230,Kristi,Cammish,2921.62,114.58
231,Lucius,Thickett,4560.61,289.7
232,Scarlet,Pape,1189.88,189.26
233,Chucho,Perutto,4929.19,711.56
234,Alaric,Gadie,5274.33,802.99
235,Ebony,Carlesi,1181.04,203.41
236,Grantley,Godrich,5739.79,802.63
237,Erin,Fitzharris,3034.03,784.31
238,Reagan,Llewellen,4730.54,44.99
239,Corbin,Pease,2554.1,410.28
240,Franklin,Greatorex,3536.15,237.49
241,Bale,Kilsby,3985.92,39.71
242,Ingunna,Langthorne,2989.09,369.69
243,Legra,Laidlow,1757.1,283.34
244,Teriann,Symson,2284.4,79.6
245,Kassia,Jillitt,2697.99,434.83
246,Gayelord,Habben,3394.74,514.33
247,Reinald,McAllester,5248.52,581.65
248,Juieta,O'Hingerty,2868.45,206.05
249,Teodoor,Ridolfo,5289.62,969.53
250,Chiquia,Coo,4238.25,550.88
251,Rubi,Fisby,6162.43,392.54
252,Shayne,Sieve,2445.93,500.12
253,Olwen,Merdew,2246.49,662.14
254,Dan,Scholcroft,2951.94,37.75
255,Jillane,Tarling,3546.48,204.15
256,Berk,Burland,5226.81,24.01
257,Hermie,Sleath,3952.82,7.8
258,Ham,Braunter,2880.72,16.65
259,Abigael,Woolis,2304.86,925.87
260,Vinson,Schaumann,2269.83,94.08
261,Nichole,Edgehill,6092.13,680.62
262,Zorine,Spehr,4650.69,367.44
263,Kristoforo,Spellsworth,2900.12,572.66
264,Valentine,Sylvaine,5223.42,671.81
265,Deanne,Glaister,5489.33,558.34
266,Dara,Govinlock,3879.59,257.64
267,Inglis,Stegell,4668.01,558.53
268,Linn,Busch,1757.42,929.86
269,Rory,Frier,1168.97,650.58
270,Bobby,Windross,6635.49,655.49
271,Elvyn,Epelett,2406.3,841.09
272,Abe,Rickell,4996.39,767.3
273,Sissy,Beggan,6251.08,986.03
274,Norry,Blanque,2275.7,7.97
275,Sydney,Tanfield,3039.71,38.42
276,Demetris,Quarrell,5977.54,290.53
277,Tessi,Dugmore,4268.89,119.93
278,Maureene,Orlton,6538.63,695.39
279,Roselin,Goss,3987.21,866.3
280,Riane,Kidde,1811.83,647.19
281,Olav,Vedekhov,6764.99,58.51
282,Franny,Swigger,5602.63,703.18
283,Dedie,Pringley,4170.12,298.45
284,Brynna,Vondra,4359.04,409.1
285,Somerset,Ralton,2544.87,878.35
286,Blinni,Easseby,6740.25,352.31
287,Kristyn,Rowlands,3095.35,794.63
288,Kenna,Kilmurray,3152.56,510.38
289,Micheal,Rouby,2304.99,81.73
290,Demetri,Docksey,2126.21,924.68
291,Adams,Tomkys,3761.85,669.13
292,Hillel,Platt,6440.72,748.62
293,Linnell,Mohammad,3468.1,977.15
294,Tynan,Drakes,6010.55,285.75
295,Alphonso,Rannells,5002.45,916.67
296,Royall,Males,3121.72,428.8
297,Alvinia,Highton,3248.57,515.98
298,Flore,Heineken,6442.57,100.32
299,Marve,Sallery,4331.48,520.39
300,Noland,Iddon,5376.33,617.59
301,Hube,Camelin,6791.38,739.3
302,Crissie,Blesdill,2610.55,922.04
303,Nerte,Charlson,4995.88,996.54
304,Rafferty,Neild,2960.41,723.94
305,Emmit,Faircliff,5768.5,51.08
306,Netta,Savery,5113.44,704.48
307,Matias,Miko,3992.15,295.11
308,Pam,Perrelli,2172.45,555.55
309,Stacia,Lyman,2975.85,107.85
310,Camilla,Pirie,5714.73,431.7
311,Francesca,Jochens,6016.01,382.1
312,Godfrey,Commucci,1804.7,684.22
313,Adelina,Tranter,1619.07,521.59
314,Corbie,Brittain,6157.04,221.6
315,Mignon,Ebbers,4795.18,102.84
316,Kathleen,Serotsky,4966.05,765.03
317,Suellen,Hug,6593.03,267.22
318,Rosie,Senechell,1365.5,39.34
319,Zebedee,Lindenblatt,6192.41,455.33
320,Pyotr,McGaugan,1640.47,386.15
321,Minny,Blamire,2730.18,108.5
322,Randi,Duncklee,6672.35,446.29
323,Aleksandr,Cowser,2638.41,185.69
324,Aigneis,McKenzie,5828.4,988.63
325,Alla,Dunridge,4756.16,25.63
326,Quintin,Cowdery,2632.61,701.66
327,Karil,Monketon,1845.04,272.84
328,Clayborne,Leat,2477.31,947.01
329,Kevon,McTeer,6837.65,580.51
330,Ruthe,Culbert,2365.68,584.15
331,Isaac,Rides,5699.1,816.54
332,Matti,Fipp,5977.83,495.61
333,Sascha,Talby,3868.01,717.01
334,Sybilla,Janson,6366.93,212.12
335,Norton,MacGuigan,4860.5,417.67
336,Ilysa,Horley,1654.94,182.63
337,Sansone,Cundey,3397.13,839.86
338,Gerek,Keneleyside,6739.1,730.01
339,Dick,Gude,5312.19,920.31
340,Heddi,Cowoppe,1552.06,233.92
341,Armin,Enric,5599.39,119.23
342,Michaeline,Meredith,4188.44,770.84
343,Amalea,Greeding,4440.31,174.51
344,Karla,Lorraway,6972.6,294.94
345,Myrle,Kydde,3168.22,322.56
346,Candie,Lamport,2804.72,559.17
347,Stillman,Rowcliffe,1689.87,989.35
348,Lynette,Spurriar,5604.37,878.45
349,Grete,Cockburn,6985.23,421.24
350,Lukas,Hawkeridge,2368.52,996.66
351,Shaylyn,Greenleaf,2636.27,967.78
352,Corrianne,Nast,2328.42,81.26
353,Rosita,Binney,3216.81,440.58
354,Florence,Pirie,5567.01,977.55
355,Prentiss,Hallick,5360.03,851.85
356,Bertrand,Lording,6440.19,220.66
357,Clark,Growden,6674.93,569.39
358,Christean,Hanburry,1503.71,707.57
359,Cymbre,Barthelemy,5668.63,930.12
360,Blondell,Mabon,2375.23,982.87
361,Merrielle,Huyton,4262.9,88.2
362,Lexie,Van Arsdall,4090.83,745.68
363,Waldo,Frenchum,3298.13,352.4
364,Alec,Smylie,6335.86,256.57
365,Randy,Soper,5209.85,377.75
366,Idette,Whitchurch,4208.64,287.01
367,Prentice,Ellis,4832.54,370.31
368,Jillayne,Janicki,5471.89,457.2
369,Calhoun,Barlie,5037.51,210.18
370,Konstantin,Trengove,3442.5,126.61
371,Florida,Grinnell,1863.69,993.7
372,Sammy,Bussell,5785.73,588.84
373,Caitrin,Bewshire,4784.48,487.6
374,Bancroft,McCartan,2110.26,513.43
375,Jere,Burgne,1379.44,183.05
376,Angelica,Maleby,2470.1,936.73
377,Mattheus,Devo,6991.31,811.5
378,Thom,De Lorenzo,3447.8,16.32
379,Yolande,Cole,5624.75,261.55
380,Pierrette,Hatfull,6671.22,683.19
381,Lowell,Dadswell,2329.74,890.07
382,Adel,Dutt,3194.59,920.06
383,Neel,Standage,6136.4,787.43
384,Pauly,Slark,4441.84,973.08
385,Chic,Keemer,2991.7,211.94
386,Karlik,Alflat,2862.95,809.56
387,Natala,Goodlett,5741.95,736.54
388,Shandie,Lyford,5944.34,67.49
389,Harlan,Hakeworth,5130.96,168.0
390,Linoel,Blakelock,5743.09,830.32
391,Kay,Brook,2542.01,245.81
392,Riley,Daens,4949.53,214.81
393,Elihu,Brechin,1458.45,667.96
394,Felecia,Pizey,1927.89,215.45
395,Claudianus,Disbrey,3495.04,123.72
396,Elias,Hearn,3956.53,104.04
397,Casey,Giorgetti,1110.14,637.13
398,Ally,Braddick,2347.0,303.11
399,Cassie,Ellar,1643.82,347.12
400,Jefferey,Planque,6451.12,633.45
401,Byrom,McDarmid,3390.84,153.02
402,Bartel,Pastor,3610.19,33.01
403,Vanya,Brindley,2492.63,392.81
404,Cris,Goggen,4308.97,644.27
405,Lanie,Lenton,5667.11,536.37
406,Christa,Long,4793.6,451.67
407,Noemi,Rothert,3127.9,754.38
408,Darin,Goudge,5652.74,337.35
409,Lizzie,Howick,3958.66,616.47
410,Sydney,Golland,6140.8,835.87
411,Berny,Paolino,5651.51,117.73
412,Earvin,Allett,2971.53,301.49
413,Turner,Beeby,3560.68,245.88
414,Obidiah,Restill,5598.3,324.1
415,Ella,Usborn,5732.66,296.4
416,Valry,Fairlem,2779.83,846.92
417,Sayres,Balfre,1340.84,526.99
418,Cull,Bruton,2257.31,228.96
419,Goddard,Amiss,4018.72,636.98
420,Sandy,Gegay,5312.38,45.64
421,Scott,Dumphy,5936.29,201.31
422,Norton,Shipperbottom,2780.68,697.23
423,Edouard,Isitt,2550.1,844.93
424,Patten,Sibbit,3640.35,333.04
425,Hanny,Weond,6838.04,784.83
426,Elaina,Hardesty,1730.66,513.19
427,Lilith,Agastina,1945.25,896.32
428,Mayne,Skatcher,2583.12,38.65
429,Mic,Gathwaite,4636.7,313.5
430,Rosabel,Lusgdin,2939.04,823.06
431,Ara,Dolden,2722.16,683.03
432,Loleta,Sobtka,5574.09,910.64
433,Hillery,Steuhlmeyer,2032.77,893.69
434,Antonius,Bilbrook,3165.69,269.32
435,Gertrude,Puleque,4162.36,69.43
436,Renaldo,Willey,3332.61,672.29
437,Kiel,Tukely,6469.73,755.75
438,Aveline,Pettiford,3909.98,116.79
439,Halsy,Northill,4367.05,85.39
440,Caralie,O'Finan,6510.22,943.59
441,Olivero,Turner,2287.06,573.43
442,Karl,Lark,6913.95,124.72
443,Durant,Swatman,4715.25,303.43
444,Ileane,Myford,4724.81,181.45
445,Rice,Sheals,1501.82,629.79
446,Ernie,Narey,5111.35,366.01
447,Danica,Ing,5771.99,548.64
448,Lindsey,Grenshiels,6357.37,324.79
449,Patricio,Hryncewicz,2406.9,178.12
450,Natalee,Aleavy,3122.65,254.73
451,Marlane,Haws,6184.42,876.0
452,Valentin,Broscombe,3973.76,664.34
453,Shea,Ludwell,3319.91,41.51
454,Karlyn,Geaveny,6434.2,918.17
455,Pandora,Labbet,5858.02,398.04
456,Kasey,Darben,3476.66,957.06
457,Cassi,Devereux,4765.67,70.88
458,Orazio,Corkett,6000.69,985.41
459,Kenn,Trenouth,6593.78,116.89
460,Bradley,McConnachie,4144.73,711.49
461,Fianna,Vannucci,6669.86,9.62
462,Benni,Pinson,5574.95,987.2
463,Gustavo,Rosita,5124.22,107.32
464,Koral,Bellino,3290.84,401.41
465,Floyd,Kunneke,6829.58,289.69
466,Alf,MacGahy,2811.45,265.34
467,Kaile,Golson,2781.84,701.22
468,Lusa,Lamort,1841.35,395.94
469,Tara,Rutigliano,6109.95,657.38
470,Moshe,McCollum,5090.07,25.81
471,Ebba,Bibby,1770.18,237.25
472,Samara,Dorey,2110.89,160.52
473,Alyda,Gorner,5912.24,927.88
474,Brant,Ellingworth,4130.35,575.8
475,Camella,De Mico,5501.5,116.06
476,Isac,McAvaddy,4237.34,993.86
477,Sue,Tweedlie,6781.9,162.99
478,Darelle,Chappell,6319.04,981.49
479,Analiese,Patillo,2488.93,154.72
480,Tulley,Titmus,6830.86,46.4
481,Doe,Halm,5446.08,265.34
482,Bay,Lidgate,2241.98,170.98
483,Benoit,Adnett,3178.97,116.27
484,Stinky,Pheby,6055.48,394.33
485,Sharlene,Johananov,3746.05,561.8
486,Martguerita,Everal,6074.89,265.65
487,Agustin,Gelsthorpe,1703.79,583.48
488,Sean,Cornborough,6770.15,427.83
489,Roxie,Kenwood,4778.3,7.1
490,Aida,Crumbleholme,5238.4,464.08
491,Caryn,Ferrige,6145.22,820.7
492,Kyle,Goude,4322.2,360.52
493,Armand,Blamires,1415.34,767.1
494,Claudelle,Borgesio,1475.78,120.24
495,Garrot,Doughty,4997.66,69.85
496,Durward,Noblett,6970.83,834.59
497,Sylvan,Roth,6600.93,663.03
498,Kirsteni,Titcom,6364.33,745.85
499,Cornie,Spensley,3840.84,227.89
500,Feliks,Sapp,1495.58,393.75
501,Alexei,Wandrich,3080.03,922.38
502,Ingrim,Bogace,2249.19,712.94
503,Maryjane,Chestnutt,4443.49,297.7
504,Ellis,Pleat,2216.0,773.18
505,Rubie,Tweedy,2529.31,119.97
506,Jaime,Iacovo,4260.05,765.66
507,Jean,Colisbe,1305.14,613.11
508,Flory,Lowell,5950.17,168.72
509,Clotilda,Relf,4738.56,258.72
510,Ellary,Poulgreen,3801.8,112.81
511,Claire,Ranald,4641.54,368.6
512,Steward,Stuchbury,5642.86,537.65
513,Kelley,Murdie,1509.18,808.29
514,Kellby,Biggerstaff,6790.36,351.44
515,Dodie,Dufour,3431.86,108.91
516,Aidan,Pasek,4314.38,769.93
517,Yul,Dunbavin,4808.96,985.07
518,Astrix,Tungate,1847.98,29.49
519,Laurel,Culshew,3754.04,655.21
520,Mavis,Flintoffe,4437.33,931.39
521,Siegfried,Amphlett,2758.91,544.18
522,Andriette,Verbeek,3518.24,418.25
523,Maddie,Lewton,1631.68,479.08
524,Jae,Robion,5915.95,300.01
525,Ronnica,Stidever,6466.57,374.26
526,Tasha,Wyndham,6985.05,796.83
527,Normy,Martinyuk,5613.04,741.4
528,Rivy,L'Archer,2038.11,863.17
529,Anny,Gaywood,2484.88,52.08
530,Ginelle,Iddins,2803.11,171.06
531,Harman,Pashler,5125.4,810.12
532,Jeffry,O'Meara,4725.1,619.63
533,Cosmo,O' Faherty,5037.9,910.59
534,Hetty,Peeke-Vout,1632.51,756.37
535,Colene,Brandassi,1177.96,106.56
536,Menard,Grosvener,2370.27,147.79
537,Isaak,Papis,4611.11,680.87
538,Jamey,Fenemore,6649.36,345.72
539,Wynn,Nornable,4861.41,857.27
540,Gherardo,Doring,2761.41,844.96
541,Twila,Beaney,4246.96,60.68
542,Barth,Deverson,4612.19,21.26
543,Dewain,Beagin,4090.97,745.59
544,Meghann,Burgoine,1406.23,377.53
545,Olivero,Piquard,2413.63,557.87
546,Fons,Inglesant,4568.28,703.5
547,Joella,Thackston,2689.8,518.32
548,Marcia,Shelliday,5540.8,20.18
549,Morgen,Nowlan,2083.93,519.38
550,Eward,Chipp,2498.97,104.76
551,Rooney,Skule,2664.96,364.35
552,Erroll,Ipplett,1668.66,226.1
553,Madeline,Wardrope,2822.03,453.03
554,Livy,Gabbatt,5329.99,948.69
555,Minetta,Mauchline,5074.62,436.88
556,Flossy,Pennick,2602.8,215.22
557,Lucho,Tommei,3042.74,242.06
558,Justino,Dymond,5980.38,986.32
559,Molli,Josskovitz,5713.69,243.42
560,Glynis,Luc,4972.12,88.62
561,Ahmed,Bruster,6946.56,294.4
562,Malory,Wyre,2767.11,757.99
563,Hall,Polack,4441.71,593.27
564,Marge,Touson,1414.53,728.84
565,Shandy,Rowsel,6629.73,429.29
566,Jan,Cutmare,4868.49,154.6
567,Cyndie,Colisbe,1905.52,936.1
568,Saxon,Blay,2100.47,438.8
569,Bogey,Lasselle,3755.39,599.58
570,Rickie,De Hooge,4242.41,364.44
571,Perl,Twaite,3433.27,633.22
572,Rodolfo,Puckrin,4277.38,693.04
573,Judith,Antoniutti,4382.26,428.88
574,Milena,Tremayne,6875.67,293.29
575,Hort,Singh,2850.06,933.46
576,Alisun,Sharrocks,6385.81,825.5
577,Humberto,Fidelli,4622.25,418.28
578,Cookie,Loble,3832.12,956.57
579,Nessa,Rime,6648.94,516.32
580,Brennen,Woolager,4155.42,839.83
581,Annabela,Sawer,2577.4,124.42
582,Colby,Connah,3268.9,59.77
583,Elvis,Parr,3185.32,864.26
584,Paolo,Gercken,5851.61,89.63
585,Venita,McKirton,2412.96,102.27
586,Berte,Blumson,3653.55,704.07
587,Ferdinande,Cammell,1931.63,645.16
588,Charlton,Vlasenkov,3572.56,206.67
589,Selina,Goadsby,2069.87,92.56
590,Jase,Ollett,4109.79,215.22
591,Wolfie,Hawkridge,5679.63,205.84
592,Carmine,Grizard,2905.71,531.94
593,Maegan,Zeale,4757.79,438.56
594,Lucy,Sambells,5247.47,185.7
595,Dyna,Januszewski,2699.61,622.68
596,Bunni,Yvens,2972.49,188.43
597,Sissie,Wilcocke,2658.65,982.6
598,Francesco,Keaves,1329.59,793.2
599,Elmer,Kennelly,6689.98,874.25
600,Robinette,D'Orsay,4139.33,462.69
601,Candide,Paffitt,3156.69,752.76
602,Hunfredo,Fearey,5313.45,766.08
603,Gwenny,Beardshall,2609.0,658.43
604,Adah,Figgen,1857.76,115.06
605,Colet,Smowton,3467.89,134.3
606,May,Jedrzej,3386.63,940.88
607,Gerrie,Marr,1635.76,342.66
608,Kipp,Puxley,5836.31,770.56
609,Alex,Pleaden,6546.27,467.73
610,Bogey,Upfold,1501.65,821.56
611,Lois,Elsworth,1891.55,765.77
612,Mel,Kenworthey,4528.73,400.33
613,Robyn,Wearden,6758.82,744.27
614,Carolee,Spinella,5267.19,853.21
615,Wittie,Vido,3910.73,147.52
616,Mart,Sheppard,4236.1,133.68
617,Bjorn,Copnar,5761.89,71.02
618,Francklyn,Lanahan,3146.09,875.68
619,Archibold,Elizabeth,6599.9,549.98
620,Dynah,Passey,2228.69,187.21
621,Emmie,Overy,1753.91,433.17
622,Whittaker,Buttrum,5775.8,565.59
623,Nicola,Sansbury,4780.21,888.77
624,Nathaniel,Radborn,2280.47,871.84
625,Sunny,Antcliffe,6724.44,685.65
626,Josefina,Kleehuhler,2908.08,824.03
627,Johnathon,Eynaud,6089.08,279.49
628,Talbot,Feehily,2711.81,377.19
629,Cleavland,Astill,2822.65,984.39
630,Anita,Lascelles,6581.34,414.55
631,Tristam,Camus,1809.98,300.03
632,Thorndike,Charker,4412.22,167.53
633,Sonnie,Attarge,4915.5,320.62
634,Katalin,Darridon,2029.93,90.34
635,Sanderson,Wanderschek,1511.01,779.17
636,Vivia,Roycraft,2678.83,567.45
637,Cull,Collings,3635.78,320.67
638,Eric,Durrell,3516.49,568.57
639,Burtie,Granleese,3793.28,483.88
640,Shadow,Vidyapin,5287.3,577.88
641,Maddie,Milton-White,4472.77,323.4
642,Nicola,Matura,2553.84,504.21
643,Hamilton,Lies,1447.33,101.5
644,Shena,D'Elia,3212.14,101.18
645,Olly,Courcey,6356.14,391.23
646,Belia,Philliphs,1585.33,526.3
647,Orelia,Cartmer,1376.66,844.07
648,Ely,Kruschev,5532.86,345.96
649,Petronia,Lapthorne,3734.91,570.28
650,Giralda,Boomes,5392.62,136.97
651,Immanuel,Facer,4215.23,739.8
652,Syman,Gohn,2221.35,939.01
653,Lorrie,Gilmour,1908.65,22.36
654,Tara,Moorfield,4598.14,972.54
655,Mirabella,Blenkin,3908.13,823.37
656,Filberto,Roalfe,5588.94,542.4
657,Alexa,Joddins,3210.02,159.5
658,Marietta,Riste,3099.1,498.21
659,Ingeborg,Cannings,1331.19,313.34
660,Godwin,Dillet,3386.75,641.4
661,Frederic,Balaizot,5478.39,637.52
662,Elnar,Blomfield,6960.53,403.68
663,Joly,Sawood,6718.07,82.78
664,Cesaro,Arnecke,4412.88,256.46
665,Bearnard,Caesmans,4409.55,108.99
666,Ahmed,Meneux,5724.69,32.55
667,Hayyim,Falkus,5347.66,357.3
668,Wait,Kobera,2707.16,986.81
669,Berti,Brome,4618.68,857.6
670,Keir,Durnall,6580.2,687.27
671,Mahalia,Grzesiewicz,1104.71,676.67
672,Brigida,Andell,3475.89,963.15
673,Welsh,Cuschieri,5302.8,587.98
674,Gnni,Cordes,1399.07,210.61
675,Yank,Duffill,6193.11,41.81
676,Alvie,Blakebrough,2170.74,641.71
677,Marrissa,Lucio,6194.5,330.75
678,Inesita,Ronchka,5795.39,239.31
679,Odette,Adamczewski,1910.52,488.12
680,Yasmeen,Bougen,3348.8,183.53
681,Brod,Badsey,3708.11,327.9
682,Holly,Alexsandrov,1938.53,766.79
683,Joshua,Clilverd,1569.67,862.03
684,Norma,Lavigne,4714.78,224.98
685,Angelique,Laughrey,6138.68,251.54
686,Stewart,Carvilla,3404.21,841.37
687,Kilian,Delafont,4616.68,971.21
688,Sherlocke,Woodworth,5414.55,372.55
689,Emmy,Fitzmaurice,2871.23,397.32
690,Reyna,Holdworth,1905.72,171.86
691,Clare,Koenraad,2217.29,59.86
692,Krissy,Rawcliffe,2884.73,811.41
693,Michell,Tolcharde,3212.46,217.49
694,Marietta,Ewenson,5437.37,656.98
695,Ofella,Minall,2641.35,913.86
696,Marlie,Keilloh,1473.08,21.76
697,Hynda,Burgh,6883.92,762.96
698,Kissie,Gilliat,1662.36,227.66
699,Anthe,Whiskin,1564.64,97.02
700,Lia,Matyushonok,2404.51,563.71
701,Anne-corinne,Booley,4459.23,30.17
702,Patrice,Garden,6679.9,314.14
703,Brittni,Ebbens,1208.48,767.15
704,Reinald,Scheffel,6227.81,741.56
705,Nikola,Tynewell,5135.91,330.81
706,Rocky,Pietzner,6433.74,991.09
707,Kleon,Mariyushkin,5451.11,920.89
708,Eydie,Chasmor,3387.22,435.15
709,Mufinella,Wager,4582.03,622.12
710,Marlena,Heady,4082.28,818.24
711,Karoly,Lynde,6394.2,161.36
712,Marcellina,Chapleo,2906.29,99.58
713,Dorelle,Nuss,4927.48,681.23
714,Jocelin,Peddel,1570.19,921.72
715,Charisse,McCully,2094.88,394.64
716,Sile,Baitson,2969.8,507.49
717,Evelina,Ovington,3770.58,608.92
718,Leanna,Reignould,4404.94,917.61
719,Temple,Oda,4127.81,274.81
720,Zoe,Hotchkin,1670.7,294.61
721,Joye,Ayer,4965.84,162.27
722,Daryl,Tethacot,3397.9,746.35
723,Nickolai,Vyel,6597.35,991.84
724,Francene,O' Borne,3618.57,290.59
725,Monica,Albrooke,1366.96,527.09
726,Ximenes,Westmacott,6971.32,995.11
727,Antin,Konke,4403.09,47.09
728,Nari,Ferronel,3217.89,39.56
729,Petra,Benedidick,1838.49,140.84
730,Willabella,Chuck,1140.82,424.89
731,Saunderson,Ketts,4584.32,606.55
732,Maryjane,Gilhooly,3916.16,305.01
733,Fairlie,Smoughton,2166.24,79.87
734,Florie,Checklin,1492.48,959.12
735,Glennis,Deverock,3402.66,280.83
736,Niels,Smallridge,2981.44,584.81
737,Edith,Warcop,1595.99,195.19
738,Smith,Deniso,3287.49,571.45
739,Leonhard,Deveril,5405.98,87.94
740,Angelle,Tesh,2896.24,562.09
741,Ellette,Andrassy,6367.53,818.21
742,Dorothea,Noke,2208.06,776.65
743,Doralyn,Fulmen,5891.36,37.16
744,Ann,Tucknutt,2117.24,432.65
745,Erma,Shortell,3464.25,922.33
746,Orlando,Fowler,1514.41,688.18
747,Jami,Fauguel,3703.61,163.61
748,Dilly,Petford,2184.99,821.42
749,Teador,Plastow,3886.82,672.7
750,Richardo,Burman,6806.52,91.17
751,Cesaro,Van Waadenburg,5073.91,44.44
752,Averil,Buggs,6443.74,15.48
753,Tara,Aingel,6919.13,470.18
754,Nanon,Parlet,1620.69,760.94
755,Aeriela,Runnacles,5462.82,548.16
756,Vasili,Houlridge,1129.21,816.3
757,Vitia,Di Claudio,5744.84,284.85
758,Grove,Tripon,3533.23,623.52
759,Domenic,Lamberti,5752.42,43.81
760,Darcy,Beedom,4309.47,534.43
761,Bonnee,Glancy,2861.78,619.07
762,Martynne,Sloyan,5583.3,253.02
763,Marleen,Bouskill,2345.14,771.14
764,Beatrice,Linforth,3680.42,348.68
765,Danya,Polden,1898.19,270.95
766,Maible,Ferrone,4806.5,532.76
767,Ardelle,Childerley,4427.96,378.37
768,Jeri,Wais,1337.74,257.87
769,Gard,Saladine,3636.66,967.96
770,Aldus,Matteacci,6689.21,525.05
771,Teresita,Towler,5673.73,42.07
772,Nadean,Camings,1215.45,932.0
773,Robbert,Jilkes,5038.58,261.51
774,Booth,Bunney,2221.59,781.32
775,Zara,Marchetti,3373.29,619.02
776,Aldric,Esseby,5238.98,134.4
777,Tate,Valentetti,6383.79,792.77
778,Row,Wolfit,6234.74,347.58
779,Robin,Castana,2954.72,81.6
780,Sadella,Liversedge,2750.28,341.51
781,Ilyssa,Dillon,4456.5,946.07
782,Leighton,Anthiftle,1157.71,630.73
783,Marketa,Barks,3003.97,49.91
784,Fiona,Allso,6602.46,63.16
785,Darcee,Sivill,5717.11,593.02
786,Almeda,Surmon,1880.29,752.64
787,Romola,Malt,4122.99,588.12
788,Jacky,Ranyelld,2833.7,491.4
789,Felicia,Egiloff,2879.41,578.49
790,Westley,Cassius,1251.76,644.98
791,Braden,Treverton,2495.84,805.73
792,Faber,Sargint,4683.5,938.22
793,Pierce,Habershon,6248.08,920.88
794,Korey,Breadon,1865.67,109.36
795,Cicely,Gollard,4645.9,693.15
796,Valli,Farney,6923.0,873.27
797,Florencia,Sandey,2370.92,766.86
798,Terese,Swaden,4461.64,674.25
799,Naoma,Kenn,5086.1,720.36
800,Lisa,Polly,5668.44,29.56
801,Rourke,Cornely,1807.78,978.91
802,Tuckie,Revitt,1168.14,893.09
803,Alasteir,Belch,6839.79,714.52
804,Sibel,Cockin,3290.5,292.47
805,Marketa,Sandwich,6007.36,206.74
806,Ermengarde,Gaw,1623.34,142.83
807,Pepe,Gurton,6963.62,243.74
808,Essy,Whines,1434.77,368.45
809,Ive,Greger,1890.03,431.58
810,Ewart,Guillon,4174.87,712.73
811,Noami,Cesco,2813.67,861.02
812,Mariejeanne,Lightbowne,3093.79,795.33
813,Raychel,O'Hagan,6069.31,306.48
814,Jandy,Watson-Brown,5350.98,396.81
815,Lindon,Woltering,1461.23,506.2
816,Federica,Ruzic,6959.32,281.53
817,Putnam,Oakes,6918.63,682.44
818,Arlin,Kineton,1710.6,877.25
819,Conant,Kitchen,6297.12,331.66
820,Caesar,Poznanski,1889.92,98.84
821,Vergil,Vassano,2078.76,317.77
822,Adiana,Hayland,5002.71,745.81
823,Lane,Jansens,2851.17,773.39
824,Barnard,Lawden,6816.07,910.7
825,Averill,Rendle,6998.75,248.27
826,Raye,Chisholme,6558.22,515.24
827,Boigie,Rash,5520.46,230.51
828,Kayle,Piaggia,5586.43,81.57
829,Stacey,Prevett,2188.5,918.13
830,Geoffrey,Trussman,6470.36,288.95
831,Tiebout,Goley,4430.87,116.73
832,Lorianna,Schulz,3239.75,836.33
833,Marcela,Kennifick,5277.09,481.61
834,Anjanette,Bankes,2279.44,370.68
835,Thomasa,Thurlow,5858.31,565.63
836,Thain,Bolliver,3169.92,701.73
837,Jenilee,Alps,5782.14,452.54
838,Tommie,Walak,5867.67,890.72
839,Gian,Plaunch,3770.53,394.41
840,Herminia,Briand,3072.67,885.89
841,Erastus,Worsam,5906.73,33.63
842,Brandon,Gummer,2912.62,965.95
843,Cordell,Bellhanger,2072.01,543.1
844,Kameko,Giovanni,5145.85,800.62
845,Miguel,Langshaw,5892.79,747.93
846,Dell,Rainton,3705.21,877.87
847,Ruby,Origin,5249.2,772.34
848,Laney,Speers,3534.85,950.2
849,Ennis,MacCafferky,2722.11,436.21
850,Mei,Mawdsley,3195.19,617.89
851,Alica,McGregor,4519.69,967.08
852,Jermain,Laimable,5784.25,602.11
853,Hill,Luciano,1350.61,549.95
854,Rosco,Hellikes,2223.14,307.31
855,Winny,Sharply,4218.89,363.44
856,Les,Vossing,2267.22,3.65
857,Rosmunda,Mackett,4933.16,977.71
858,Brigham,Belchem,5591.74,982.2
859,Tonie,Reford,6434.48,463.34
860,Ernie,Lichtfoth,1244.42,992.2
861,Raquela,Anwell,5946.78,919.02
862,Duff,Cartlidge,4498.88,446.91
863,Francis,Rosi,6785.45,139.45
864,Dominga,Barrick,3519.8,896.45
865,Max,Dilloway,4501.31,949.01
866,Rici,Jonin,6212.39,269.58
867,Zaneta,Attard,6909.72,430.91
868,Aeriel,Tumelty,5408.47,218.49
869,Ingaberg,Carlet,3988.55,522.46
870,Elsy,Roantree,6636.98,870.73
871,Valerie,Okenfold,5280.3,867.96
872,Steffane,Kettle,4937.1,233.45
873,Barbara,Skamell,3034.55,724.57
874,Eziechiele,Dowry,3034.29,868.5
875,Selene,Adelsberg,3912.07,817.42
876,Starla,Hullah,6352.61,345.03
877,Vivia,Midghall,3523.98,471.56
878,Jack,Lauder,2150.15,779.8
879,Henrik,Liccardo,4680.6,224.51
880,Althea,Satchell,2657.65,382.79
881,Pavlov,Yanne,2125.06,844.87
882,Sheree,Wicken,4178.92,410.59
883,Kaine,Sherston,1817.07,677.43
884,Davey,Mackney,1956.04,788.78
885,Onida,Burgott,6734.9,362.2
886,Reidar,McGeever,2703.3,744.79
887,Freddie,Casina,3227.1,373.97
888,Cherie,Coath,4928.57,764.96
889,Maxi,Draycott,1141.73,381.29
890,Vitia,Anthoine,6834.72,71.56
891,Kalvin,Callf,3116.94,764.16
892,Madelene,Meach,3796.25,749.08
893,Essie,Langthorne,2393.88,721.04
894,Randy,Jacobi,1981.29,829.05
895,Gamaliel,Whiskerd,3299.12,427.84
896,Dunstan,Jaggs,3438.93,43.23
897,Sal,Piercy,2161.9,115.21
898,Alvy,Ewart,4600.56,986.88
899,Olly,Natte,3064.79,183.05
900,Edd,Pieracci,5306.76,22.18
901,Carey,Shewry,4485.7,192.3
902,Oliver,Tappin,3190.78,973.49
903,Elinor,Mandrake,4257.43,923.19
904,Gelya,Tortoishell,6282.22,380.26
905,Gerrilee,Gooding,5175.73,257.22
906,Sheeree,Whales,4242.45,235.14
907,Shina,Reolfi,2279.62,120.33
908,Lydia,Duddell,1441.02,216.26
909,Amandy,Leithgoe,2949.79,480.97
910,Jilleen,Alonso,5276.12,523.72
911,Shalne,Telford,2925.1,423.78
912,Lay,Condy,1204.7,128.53
913,Vanya,Stiles,1589.39,770.17
914,Perry,Keson,4478.52,326.22
915,Mara,McCrum,3342.63,639.69
916,Malvin,Rohlfs,3172.05,732.58
917,Juan,Headley,3407.16,412.01
918,Mella,Handlin,4032.03,20.02
919,Cherye,Peatman,1959.68,558.03
920,Gerrilee,Chansonne,4441.48,749.57
921,Nicol,Plowman,4356.53,181.45
922,Izabel,Storr,2641.0,944.31
923,Cathe,Thieme,1722.79,118.76
924,Milli,O'Loughlin,2819.34,206.51
925,Diarmid,Jaquiss,6014.9,527.89
926,Staford,Allard,6438.84,900.27
927,Arabela,Wanell,5719.36,791.85
928,Anita,Howson,2503.12,803.73
929,Xylia,Thurley,3784.86,323.67
930,Kerwinn,Townsley,5623.03,96.53
931,Eileen,Valente,5102.55,157.92
932,Irv,Gorey,6417.62,465.07
933,Caprice,Pudding,1350.0,747.32
934,Imelda,Parres,5263.46,336.45
935,Kermie,Lodemann,5742.02,161.83
936,Aylmar,Cadding,5159.31,960.7
937,Dannie,Raggatt,6922.51,177.61
938,Britni,Weekly,4008.62,54.68
939,Dulcea,McCutcheon,1474.65,694.2
940,Byrle,McCandie,2857.9,723.37
941,Hilly,Brookesbie,4523.53,131.31
942,Elva,Fensome,2474.9,167.37
943,Rolando,Garley,4012.16,676.7
944,Stormy,Hainning,6890.29,359.15
945,Britta,Cordell,4784.07,841.33
946,Pietra,Farney,6856.36,91.23
947,Efrem,Davall,3827.94,239.07
948,Salvador,Kovelmann,6152.03,471.01
949,Cynthia,Ferrie,6999.26,333.94
950,Alon,De Biasio,5834.29,326.79
951,Tess,Harmond,2455.03,441.48
952,Jourdain,Fleetwood,5879.57,616.29
953,Krishnah,Pates,1526.57,140.91
954,Symon,Hayton,6194.65,493.22
955,Willdon,Dewett,1233.68,331.41
956,Lewie,Downie,5280.45,514.78
957,Ransom,Mix,2032.38,452.34
958,Margarette,Manley,1402.19,981.2
959,Rebeka,Craighill,1701.12,156.21
960,Dav,Knivett,3697.35,48.24
961,Maressa,Carabine,2900.44,261.07
962,Hedy,Catcherside,6198.74,75.91
963,Kathrine,Westmorland,2644.86,300.95
964,Esdras,Camamill,3660.1,127.01
965,Odell,Dulinty,6163.48,396.34
966,Kalvin,Franzel,4271.46,681.71
967,Olivier,Holah,6077.9,178.15
968,Marissa,Granger,5696.2,434.15
969,Ravid,Carss,5710.08,397.49
970,Austina,McMackin,3013.31,918.91
971,Mirna,Older,5293.88,152.2
972,Chandal,Brodnecke,5521.17,691.03
973,Martino,Corneck,2954.87,861.97
974,Hyacinthe,Dogerty,6108.08,514.17
975,Fletch,Tofful,1203.06,988.74
976,Bertrand,Irvine,2322.52,145.98
977,Kingsley,Ridgers,6317.36,46.13
978,Olly,Finley,3447.27,687.78
979,Hugibert,Coulter,1302.03,477.15
980,Alanson,Philipsohn,3394.05,184.77
981,Aldon,Stoggell,5166.52,868.28
982,Anitra,Twomey,1684.04,303.82
983,York,Clampett,3736.29,552.29
984,Magdalen,Giacobazzi,1482.1,936.79
985,Elsa,McGuinley,1714.14,535.5
986,Base,Simic,2783.54,524.15
987,Zita,Greenhow,5014.88,886.15
988,Terence,Harvett,5825.43,321.11
989,Hildagarde,De Domenici,2551.08,943.52
990,Kimberly,Scallan,2793.47,521.51
991,Stefania,Srawley,6314.24,616.2
992,Jorrie,Lutz,6900.15,583.96
993,Zsa zsa,Rubee,1554.35,728.58
994,Jenica,Buscombe,3972.86,904.28
995,Paquito,Erskin,6322.08,334.13
996,Scotti,Piens,4043.21,175.45
997,Barny,Moyers,4318.56,27.25
998,Tammy,Ambrogioli,1643.74,133.79
999,Denny,Cano,1955.56,261.24
1000,Skye,Benninck,1311.48,608.55